"id","title","short_title"
"40","PR-текст в профессиональной деятельности",NULL
"-10943","WEB-программирование",NULL
"61","Автоматизация измерений, контроля и испытаний",NULL
"75","Автоматизация обработки биомедицинской информации",NULL
"85","Автоматизация производственных процессов в пищевой промышленности",NULL
"117","Автоматизированное проектирование и изготовление штамповой оснастки",NULL
"132","Автоматизированные интегрированные системы",NULL
"140","Автоматизированные системы обработки информации и управления",NULL
"145","Автоматизированные системы регулирования ГПС",NULL
"151","Автоматизированные системы управления и связь","Автомат с-мы упр и связь"
"157","Автоматика",NULL
"173","Автомобили и тракторы","Автомобили и тракторы"
"209","Академическая живопись","Академическая живопись"
"210","Академическая скульптура и пластическое моделирование","Академ.скульп.и пласт.модел."
"211","Академический рисунок","Академический рисунок"
"212","Аквакультура",NULL
"228","Алгебра",NULL
"229","Алгебра и аналитическая геометрия",NULL
"230","Алгебра и геометрия",NULL
"231","Алгебра и теория чисел",NULL
"232","Алгоритмизация и программирование",NULL
"239","Алгоритмические языки и программирование",NULL
"240","Алгоритмы и структуры данных",NULL
"248","Анализ глобального рынка",NULL
"253","Анализ и диагностика финансово-хозяйственной деятельности","А и ДФХД"
"254","Анализ и диагностика финансово-хозяйственной деятельности малого предприятия",NULL
"272","Анализ систем управления движением",NULL
"277","Анализ финансово-хозяйственной деятельности",NULL
"283","Аналитическая динамика и теория колебаний",NULL
"284","Аналитическая химия",NULL
"316","Антикризисное управление малым предприятием",NULL
"317","Антикризисное управление на предприятии","Антикризисноу управление на пр"
"321","Антикризисный маркетинг",NULL
"331","Аппаратное обеспечение автоматизированных информационных систем",NULL
"333","Аппаратные средства вычислительной техники",NULL
"347","Архивоведение",NULL
"348","Архитектоника",NULL
"359","Архитектура вычислительных систем",NULL
"370","Архитектура информационных систем","Архитектура информационных систем"
"371","Архитектура и ПБ","Архитектура и ПБ"
"390","Архитектура ЭВМ и системное программное обеспечение",NULL
"444","Асимптотические методы исследования нелинейных систем",NULL
"477","Базы данных","Базы данных"
"495","Банковское дело в России",NULL
"506","Безопасность жизнедеятельности","БЖД"
"591","Библиография и библиотечное дело",NULL
"595","Бизнес-планирование","Бизнес-планирование"
"602","Бизнес-планирование на малом предприятии",NULL
"612","Биологические основы рыбоводства","Биологич. осн. рыбоводс. "
"-2389183","Биологические ресурсы гидросферы",NULL
"616","Биология с основами экологии","Биол. с осн эколог."
"627","Биофизические основы живых систем",NULL
"629","Биохимия",NULL
"657","Бухгалтерский учет","Бухучет"
"672","Бухгалтерский учет и анализ","Бухгалтерский учет и анализ"
"712","Валеология",NULL
"716","Введение в инженерную деятельность",NULL
"741","Введение в теорию межкультурной коммуникации",NULL
"747","Введение в языкознание",NULL
"748","Введение расчетных операций",NULL
"751","Веб-технологии",NULL
"-2391999","Ведение расчетных операций",NULL
"764","Вентиляция и пневмотранспорт",NULL
"779","Взаимозаменяемость и нормирование точности","Взаимозамен.норм.точности"
"798","Внемедийные коммуникации",NULL
"804","Внешнеэкономическая деятельность коммерческих банков",NULL
"805","Внешнеэкономическая деятельность региона","Внеш.эконом.деятельн.региона"
"814","Внутриорганизационные коммуникации и корпоративная культура",NULL
"818","Водоемы комплексного назначения",NULL
"846","Всеобщее управление качеством","Всеобщее управление качеством"
"851","Выполнение проекта в материале",NULL
"885","Высокоуровневые методы информатики и программирования","Высокоур. мет. инф. и прогр."
"891","Высшая математика","Высшая математика"
"892","Вычислительная математика","Вычислительная математика"
"901","Вычислительные машины системы и сети",NULL
"903","Вычислительные методы в алгебре и теории чисел",NULL
"909","Вычислительные сети","Вычислительные сети"
"913","Вычислительные системы, сети и телекоммуникации","Выч.сист., сети и телеком-ии"
"917","Газодымозащитная служба",NULL
"927","Генетика и селекция рыб",NULL
"973","Геометрия",NULL
"974","Геометрия и топология",NULL
"977","Гетерогенные программные платформы",NULL
"981","Гидравлика","Гидравлика"
"987","Гидравлика и гидропневмопривод","Гидравлика и  гидропневмопривод"
"1000","Гидравлические и пневмомеханические системы в инновационных проектах машиностроения",NULL
"1006","Гидробиология","Гидробиология"
"1007","Гидрогазодинамика","Гидрогазодинамика"
"1011","Гидрология","Гидрология"
"1017","Гидромеханический привод машин и оборудования",NULL
"1024","Гидропривод и средства гидропневмоавтоматики",NULL
"1032","Гистология и эмбриология рыб",NULL
"1050","Государственная и муниципальная служба",NULL
"1065","Государственные, муниципальные и ведомственные архивы",NULL
"1070","Государственный надзор в области гражданской обороны",NULL
"10288","Государственный экзамен","ГЭ"
"1149","Делопроизводство на рыбоводных предприятиях",NULL
"1152","Деньги, кредит, банки","Деньги, кредит, банки"
"1157","Детали машин","Детали машин"
"1160","Детали машин и основы конструирования","Дет. маш. и осн. констр. "
"1162","Детали машин и основы проектирования",NULL
"1164","Детали мехатронных модулей, роботов и их конструирование",NULL
"1166","Детали, узлы и элементная база приборов",NULL
"1171","Деятельность международных кредитно-финансовых институтов",NULL
"1179","Диагностика и надежность автоматизированных систем",NULL
"1186","Диагностика и экономический анализ финансово-хозяйственной деятельности организации",NULL
"1193","Диагностика, ремонт, монтаж, сервисное обслуживание оборудования",NULL
"1204","Дизайн","Дизайн"
"1208","Дизайн изделий из металла",NULL
"1225","Динамика и регулирование гидропневмосистем",NULL
"1239","Дискретная математика","Дискретная математика"
"1249","Дифференциальные уравнения",NULL
"1274","Документная лингвистика",NULL
"1276","Документоведение","Документоведение"
"1304","Древние языки и культуры",NULL
"1305","Древние языки (латинский язык) и культуры",NULL
"1324","Живопись","Живопись"
"1333","Заготовительные производства в машиностроении",NULL
"1340","Занятость населения",NULL
"1345","Зарубежные архивы",NULL
"1351","Защита в операционных системах",NULL
"1353","Защита выпускной квалификационной работы","Защита ВКР"
"1363","Защита интеллектуальной собственности и патентоведение","Защит.интел.собс.патент."
"1365","Защита информации","Защита информации"
"1388","Здания, сооружения и их устойчивость при пожаре","Зд, соор и их уст при пожаре"
"1392","Здоровьесберегающие технологии в социальной работе",NULL
"1403","Зоология","Зоология"
"1404","Зоология беспозвоночных",NULL
"1423","Измерительные преобразования и преобразователи",NULL
"1425","Измерительные преобразователи и датчики",NULL
"1427","Измерительные преобразователи и электроды",NULL
"1435","Имиджелогия","Имиджелогия"
"1460","Инвестиционное проектирование",NULL
"1461","Инвестиционно-финансовые стратегии управления",NULL
"1463","Инвестиционный анализ","Инвестиционный анализ"
"1470","Инженерия знаний","Инженерия знаний"
"1507","Инженерное обеспечение качества машин",NULL
"1511","Инженерное обеспечение сварочного производства",NULL
"1535","Инженерные методы управления качеством",NULL
"1583","Инновационные методы проектирования ГПС",NULL
"1590","Инновационные подходы к принятию управленческих решений",NULL
"1608","Инновационные технологии проектирования объемных машин",NULL
"-358847","Инновационные технологии формообразования",NULL
"1612","Инновационный анализ",NULL
"1613","Инновационный маркетинг",NULL
"-359871","Инновационный менеджмент в антикризисном управлении",NULL
"1626","Иностранный в профессиональной сфере",NULL
"1627","Иностранный язык",NULL
"1629","Иностранный язык 2",NULL
"1633","Иностранный язык в профессиональной сфере","Инос. язык в проф. сфер. "
"1641","Иностранный язык (второй)","Иностранный язык (второй)"
"1648","Институциональная экономика","Институциональная экономика"
"1662","Инструментальные средства информационных систем","Инструм.средс.Инф.систем"
"1699","Интеллектуальные информационные системы","Инт инф с-мы"
"1706","Интеллектуальные системы и технологии","Интеллектуальные системы и технологии"
"1721","Интернет-технологии",NULL
"1736","Инфокоммуникационные системы и сети","Инфокоммуникационные системы и сети"
"1737","Информатика","Информатика"
"1738","Информатика 2",NULL
"1741","Информатика и информационно-коммуникационные технологии",NULL
"1744","Информатика и информационные технологии",NULL
"1745","Информатика и информационные технологии в профессиональной деятельности",NULL
"1748","Информатика и программирование","Информатика и программирование"
"1768","Информационное обеспечение, базы данных",NULL
"1789","Информационно-измерительные устройства и системы автомобилей и тракторов","Инф. изм. уст. и сис. "
"1809","Информационные процессы в лингвистике",NULL
"1815","Информационные системы","Информационные системы"
"1831","Информационные системы и технологии","Информационные системы и технологии"
"1845","Информационные технологии","Информ. технологии"
"1851","Информационные технологии в документационном обеспечении управления и архивном деле",NULL
"1856","Информационные технологии в лингвистике",NULL
"1858","Информационные технологии в медиасфере",NULL
"-422079","Информационные технологии в производственной безопасности",NULL
"1876","Информационные технологии в профессиональной деятельности","Инф. тех. в проф. деят. "
"1921","Информационные устройства мехатронных систем",NULL
"1922","Информационные устройства роботов и РТС",NULL
"1930","Инфраструктура нововведений","Инфраструкт. нововвед. "
"1934","ИПИ-технологии",NULL
"1937","Искусственное воспроизводство рыб",NULL
"1941","Искусство",NULL
"1953","Исполнительные устройства систем управления","ИУСУ"
"1961","Испытание изделий",NULL
"1966","Испытания автомобилей и тракторов",NULL
"1975","Испытания наземных транспортно-технологических систем",NULL
"1985","Исследование операций","Исследование операций"
"1987","Исследование операций и теория игр",NULL
"1996","Исследования и ситуационный анализ",NULL
"2007","История","История"
"2030","История графического дизайна и рекламы","История графического дизайна и рекламы"
"2078","История искусств","История искусств"
"2094","История литературы стран изучаемого языка",NULL
"2103","История орнамента","История орнамента"
"2109","История первого иностранного языка и введение в спецфилологию",NULL
"2128","История русского костюма",NULL
"2132","История социальной работы",NULL
"2154","История экономических учений","История эконом. учений"
"2156","История языка и введение в спецфилологию","История языка и спецфилология"
"2158","Источники оптического излучения",NULL
"2161","Источниковедение",NULL
"2167","Ихтиология","Ихтиология"
"2168","Ихтиопатология",NULL
"2182","Кадровое делопроизводство и архивы документов по личному составу",NULL
"2197","Квалиметрия",NULL
"2204","Квантовая механика",NULL
"2223","Коммерческая деятельность","Коммерческая деятельность"
"-514495","Комплексные антикризисные стратегии",NULL
"2268","Комплексный экономический анализ и диагностика деятельности предприятия",NULL
"2271","Комплексный экономический анализ финансово-хозяйственной деятельности организации",NULL
"-2411967","Компоненты электронной техники",NULL
"2291","Компьютерная графика","Компьютерная графика"
"2294","Компьютерная графика (векторная)",NULL
"2334","Компьютерное проектирование сварочной оснастки",NULL
"2351","Компьютерные методы исследования информационных систем",NULL
"2356","Компьютерные сети",NULL
"2358","Компьютерные технологии","Компьютерные технологии"
"2369","Компьютерные технологии в металлургии",NULL
"2377","Компьютерные технологии в приборостроении",NULL
"2380","Компьютерные технологии в проектировании технологического оборудования",NULL
"2392","Компьютерные технологии и информатика","КТ и информатика"
"2393","Компьютерные технологии и программно-статистические комплексы",NULL
"2418","Конструирование изделий легкой промышленности",NULL
"2420","Конструирование измерительных приборов",NULL
"2429","Конструирование машин и оборудования",NULL
"2440","Конструирование электронной аппаратуры",NULL
"2448","Конструкторская подготовка производства",NULL
"2478","Конструкция автомобилей и тракторов",NULL
"2490","Конструкция ТС АПК",NULL
"2492","Контроллинг и управленческий учет",NULL
"2522","Конфликтология в социальной работе",NULL
"2530","Концепции современного естествознания","Концепции современного естествознания"
"2537","Концепция современного естествознания",NULL
"2539","Копирайтинг",NULL
"2548","Корпоративная культура организации",NULL
"2556","Корпоративные инвестиционные стратегии",NULL
"2568","Корпоративный менеджмент",NULL
"2579","Креативные технологии в рекламе и связях с общественностью",NULL
"2586","Криптографические методы защиты информации",NULL
"2587","Криптографические протоколы","Криптограф. протоколы"
"2589","Кристаллография и дефекты кристаллического строения",NULL
"2595","Кузнечно-штамповочное оборудование",NULL
"2608","Культура речи второго иностранного языка",NULL
"2620","Культурология","Культурология"
"2648","Лексикология","Лексикология"
"2652","Лидерство",NULL
"2659","Лингводидактические основы обучения первому иностранному языку",NULL
"2661","Лингво-юридическая экспертиза документов",NULL
"2664","Линейная алгебра и аналитическая геометрия",NULL
"2666","Линейная алгебра и математический анализ",NULL
"2674","Литература стран первого иностранного языка ( 19- 21 века)",NULL
"2686","Логистика","Логистика"
"2703","Макетирование костюма",NULL
"2705","Макроэкономика","Макроэкономика"
"2716","Маркетинг в инновационной сфере","Марк. в инновац. сфер. "
"2725","Маркетинг в торговле",NULL
"2740","Маркетинговое планирование",NULL
"2747","Маркетинговое управление предприятием",NULL
"2751","Маркетинговые исследования","Маркетинговые исследования"
"2753","Маркетинговые исследования и ситуационный анализ",NULL
"2759","Маркетинговый анализ предприятий",NULL
"2766","Масс-медиа и общество",NULL
"2770","Мастерство","Мастерство"
"2771","Математика","Математика"
"2778","Математика (базовый курс)",NULL
"2782","Математика и статистика",NULL
"2799","Математическая логика",NULL
"2801","Математическая логика и теория алгоритмов","Матем. лог. и теор. алг. "
"2844","Математические модели в экономике и технике",NULL
"2851","Математические модели современного естествознания",NULL
"2854","Математические основы моделирования",NULL
"2860","Математические основы теории систем","МОТС"
"2868","Математический анализ","Математический анализ"
"2869","Математическое моделирование","Математическое моделирование"
"2874","Математическое моделирование в металлургии",NULL
"2878","Математическое моделирование в технических системах",NULL
"2893","Математическое моделирование процессов в окружающей среде",NULL
"2908","Математическое моделирование сельскохозяйственных процессов",NULL
"2927","Материаловедение","Материаловедение"
"2930","Материаловедение в производстве швейных изделий",NULL
"2935","Материаловедение и технология конструкционных материалов","Материал.техн.конструк.материал "
"2937","Материаловедение и технология материалов",NULL
"2938","Материаловедение и ТКМ",NULL
"2939","Материаловедение наноматериалов и наносистем",NULL
"2946","Материаловедение. ТКМ",NULL
"2949","Материалы для изделий легкой промышленности и конфекционирование",NULL
"2960","Материалы электронной техники",NULL
"2983","Машины для уборки зерновых и кормовых культур",NULL
"2985","Машины для уборки технических культур",NULL
"2988","Машины и оборудование для возделывания сельскохозяйственных культур",NULL
"2993","Машины и оборудование для уборки сельскохозяйственных культур",NULL
"3000","Медиадизайн",NULL
"3012","Медико-биологические требования и санитарные нормы качества пищевых продуктов",NULL
"3019","Медицинские приборы, аппараты, системы и комплексы",NULL
"3027","Международная логистика",NULL
"3050","Международные валютно-кредитные отношения",NULL
"3056","Международные системы стандартизации",NULL
"3060","Международные стандарты бухгалтерского учета, финансовой отчетности и аудита",NULL
"3078","Международный бизнес",NULL
"3087","Межплатформенное программирование",NULL
"3090","Менеджмент","Менеджмент"
"3103","Менеджмент и маркетинг","Менеджмент и маркетинг"
"3123","Менеджмент устойчивого развития",NULL
"3139","Металлургическая теплотехника",NULL
"3142","Металлургические технологии (Основы производства и обработки металлов)",NULL
"3147","Методика документоведческого исследования",NULL
"-2425279","Методика преподавания изобразительного искусства",NULL
"3162","Методика работы с информационными источниками",NULL
"3199","Методология научных исследований","Методология научных исследований"
"3236","Методы алгебраической геометрии в криптографии",NULL
"3247","Методы вычислений",NULL
"3266","Методы и системы компьютерной математики",NULL
"3281","Методы и средства измерений и контроля","Методы и средства измерений и контроля"
"3283","Методы и средства измерений, испытаний и контроля","Мет и ср-ва измер, исп и контр"
"3295","Методы и средства проектирования информационных систем",NULL
"3296","Методы и средства проектирования информационных систем и технологий","Метод.средс.проект.Инф.систем и технол."
"3305","Методы исследования в социальной работе",NULL
"3318","Методы кодирования и защиты информации",NULL
"3323","Методы контроля и анализа веществ (Методы физико-химических исследований)",NULL
"3328","Методы математического моделирования","Методы мат-го моделирования"
"3341","Методы непараметрической оценки объектов",NULL
"3359","Методы оптимальных решений",NULL
"3360","Методы оптимизации","Методы оптимизации"
"3378","Методы получения нанокластеров и наноструктур","Мет получ нанокласт и нан-стру"
"3391","Методы программирования",NULL
"3410","Методы рыбохозяйственных исследований","Мет. рыбохозяйст. иссл. "
"3420","Методы структурного анализа материалов","Методы струк-го анализа мат-ов"
"3433","Метрологическое обеспечение жизненного цикла технических изделий и систем",NULL
"3438","Метрология","Метрология"
"3445","Метрология и сертификация",NULL
"3456","Метрология, стандартизация и сертификация","Метрология станд и серт"
"3458","Метрология, стандартизация и сертификация в металлургии",NULL
"3459","Метрология, стандартизация и сертификация продуктов питания",NULL
"3461","Метрология стандартизация и технические измерения",NULL
"3462","Метрология, стандартизация и технические измерения",NULL
"3480","Механика","Механика"
"3489","Механика жидкости и газа","Механика жидкости и газа"
"3490","Механика жидкости и газа. Прикладная термодинамика",NULL
"3501","Механика материалов и конструкций","механика материалов и конструк"
"3502","Механика материалов и основы конструирования",NULL
"3513","Механика управляемых машин","Механика управляемых машин"
"3517","Механические и физические свойства материалов",NULL
"3531","Микробиология","Микробиология"
"3536","Микроконтроллеры и микропроцессоры в СУ",NULL
"3537","Микропроцессорная техника","Микропроцессорная техника"
"3538","Микропроцессорная техника в мехатронике и робототехнике",NULL
"3540","Микропроцессорные измерительные системы",NULL
"3541","Микропроцессорные системы",NULL
"3547","Микропроцессорные СУ",NULL
"3553","Микроэкономика","Микроэкономика"
"3562","Мировая экономика и международные экономические отношения","Мир эк меж-народ эк отнош"
"3577","Модели безопасности компьютерных систем",NULL
"3586","Моделирование","Моделирование"
"-2430911","Моделирование и анимация",NULL
"3601","Моделирование и нормирование размерных связей",NULL
"3615","Моделирование мехатронных систем",NULL
"3622","Моделирование процессов в расчетах на ЭВМ",NULL
"3640","Моделирование размерных связей",NULL
"3643","Моделирование роботов и РТС",NULL
"-844479","Моделирование рыночной стратегии организации",NULL
"3648","Моделирование систем","Моделирование систем"
"3649","Моделирование систем и процессов",NULL
"3653","Моделирование СУ",NULL
"3663","Моделирование финансового портфеля организации",NULL
"3683","Модуль: ""Проектирование систем обеспечения пожарной безопасности""","Модуль: ""Проект.сист.обесп.пож.безоп."""
"3725","Мультимедийное производство",NULL
"3741","Надежность гидромашин, гидроприводов и средств ГПА",NULL
"3752","Надежность и методы испытаний машин",NULL
"3757","Надежность и эксплуатация механических систем",NULL
"3772","Надежность технических систем",NULL
"3785","Надёжность технических систем и техногенный риск",NULL
"3786","Надзор и контроль в сфере безопасности","Надзор и контроль в сфере безопасности"
"3787","Надзор и контроль в сфере экологической безопасности",NULL
"3796","Налоги и налогообложение","Налоги и налогообложение"
"3842","Нанометрология",NULL
"3952","Начальный уровень второго иностранного языка",NULL
"3975","Неметаллические материалы",NULL
"3978","Неорганическая и органическая химия",NULL
"4008","Ноксология","Ноксология"
"4067","Оборудование винодельческих предприятий",NULL
"4082","Оборудование и автоматизация тепловой обработки металлов и изделий",NULL
"4102","Оборудование комбикормовых предприятий",NULL
"4106","Оборудование машиностроительных производств","Обор. машиностр. произ. "
"4108","Оборудование мукомольных и крупяных предприятий",NULL
"-959935","Оборудование пивоваренных предприятий",NULL
"4113","Оборудование роботизированных производств","Оборуд-е роботизированных пр-в"
"4120","Оборудование швейного производства",NULL
"4131","Обработка материалов резанием",NULL
"4157","Общая биология",NULL
"-2436287","Общая технология виноделия",NULL
"4176","Общая химия","Общая химия"
"4183","Общая энергетика",NULL
"4184","Общее материаловедение и технологии материалов",NULL
"4208","Объектно-ориентированное программирование","ООП"
"4213","Объемные гидромашины и гидропередачи",NULL
"4214","Огнеупорные материалы металлургического производства",NULL
"4232","Операции банков на рынке ценных бумаг",NULL
"4235","Операционные системы","Операционные системы"
"4236","Операционные системы и оболочки",NULL
"4255","Оптимизационные задачи в технических и экономических приложениях",NULL
"4318","Организация государственных закупок",NULL
"4319","Организация государственных учреждений России",NULL
"4328","Организация деятельности коммерческого банка",NULL
"4341","Организация деятельности Центрального банка Российской Федерации (Структура и функции, банковское регулирование и надзор, операции банка России)",NULL
"4353","Организация и ведение АСР",NULL
"4377","Организация и планирование эксперимента","Орг-ия и план-ие эксперимента"
"4387","Организация и техника внешнеторговых операций",NULL
"4388","Организация и техника внешнеэкономических операций","Орг-ция и техн. ВЭО"
"4392","Организация и технология документационного обеспечения управления",NULL
"4459","Организация оплаты труда на малом предприятии",NULL
"4499","Организация работы отделов рекламы и связей с общественностью",NULL
"4513","Организация секретарского обслуживания",NULL
"4517","Организация службы и подготовки",NULL
"4522","Организация, технология и проектирование предприятий","Орг-ция, тех-гия и  пр-ие пред"
"4545","Органическая и биологическая химия","Органическая и биолог.химия"
"4547","Органическая химия","Органическая химия"
"4576","Основы автоматического управления",NULL
"4602","Основы биомедицинской инженерии",NULL
"4616","Основы вариационного исчисления","Осн. вариационн. исчисл. "
"4653","Основы дизайна автомобилей и тракторов",NULL
"4697","Основы информационной безопасности",NULL
"4702","Основы коммерции",NULL
"4723","Основы конструирования медицинских и экологических приборов",NULL
"4743","Основы маркетинга","Основы маркетинга"
"4748","Основы математического моделирования","Основы математического моделирования"
"4760","Основы менеджмента","Основы менеджмента"
"4779","Основы механики жидкости и газа",NULL
"4783","Основы механики технологических процессов и оборудования",NULL
"4792","Основы моделирования процессов обработки давлением",NULL
"4799","Основы надежности технических систем",NULL
"-2449087","Основы обработки звуковой информации",NULL
"4836","Основы общей и неорганической химии",NULL
"4848","Основы организации технического сервиса",NULL
"4851","Основы параллельной обработки данных",NULL
"4862","Основы пожарной и производственной автоматики","Основ.пожарн.производ.автомат."
"4865","Основы построения защищенных баз данных",NULL
"4866","Основы построения защищенных компьютерных сетей",NULL
"4877","Основы прикладной антропологии и биомеханики",NULL
"4880","Основы программирования","Основы программирования"
"4882","Основы проектирования",NULL
"4899","Основы проектирования медицинских и экологических приборов",NULL
"4906","Основы проектирования приборов и систем",NULL
"4907","Основы проектирования продукции","Основы проектирования продукции"
"4917","Основы проектирования электронной компонентной базы",NULL
"4918","Основы проектной графики","Основы проектной графики"
"4920","Основы производственного мастерства",NULL
"4950","Основы САПР","Основы САПР"
"4955","Основы светотехники",NULL
"4960","Основы синтеза систем управления",NULL
"4964","Основы системного подхода и теории систем",NULL
"4968","Основы создания рыбоводного предприятия",NULL
"4970","Основы социального государства и гражданского общества",NULL
"4971","Основы социального образования",NULL
"4973","Основы социальной медицины",NULL
"4998","Основы теории второго иностранного языка",NULL
"5007","Основы теории коммуникации",NULL
"5012","Основы теории межкультурной коммуникации",NULL
"5047","Основы технического регулирования","Основы технического регулирования"
"5061","Основы технологии машиностроения","Осн. технол. машиностр. "
"5065","Основы технологии производства","Основы технологии производства"
"5079","Основы токсикологии и экотоксикологии",NULL
"5111","Основы физики прочности и механика разрушения","Ос-вы физики пр. и мех.разруш."
"5116","Основы фондового рынка",NULL
"5160","Основы языкознания",NULL
"5227","Оценка и управление стоимостью организации",NULL
"5266","Пакеты прикладных программ","Пакеты прикладных программ"
"5344","Письменный перевод второго иностранного языка",NULL
"5345","Письменный перевод первого иностранного языка",NULL
"-1241023","Письменный перевод специальных текстов (первый иностранный язык)",NULL
"5350","Пищевая химия","Пищ. химия"
"5353","Плазменно-дуговые процессы",NULL
"5356","Планирование в организации",NULL
"5365","Планирование и организация эксперимента","План и орг экспер"
"5370","Планирование на предприятии","Планирование на предприятии"
"5388","Пневмопривод и средства гидропневмоавтоматики",NULL
"5391","Поведение потребителей","Поведение потребителей"
"5401","Повышенный уровень второго иностранного языка",NULL
"5403","Подготовка газодымозащитника",NULL
"5412","Подготовка производства мехатронных и робототехнических узлов",NULL
"5415","Подтверждение соответствия объектов технического регулирования",NULL
"5417","Подъемно-транспортные машины в отрасли станкостроение",NULL
"5419","Подъемно-транспортные установки",NULL
"5420","Пожарная безопасность в строительстве","Пожарная безопасность в строительстве"
"5424","Пожарная безопасность технологических процессов","Пожар безоп техн проц"
"5426","Пожарная безопасность электроустановок","Пож. безопас. электроус. "
"5430","Пожарная тактика","Пожарная тактика"
"5431","Пожарная техника","Пожарная техника"
"5447","Полимерные нанокомпозиционные материалы","Пол. нанокомпоз. мат. "
"5453","Политические процессы в современной России",NULL
"5457","Полупроводниковая схемотехника",NULL
"5479","Поточные линии для животноводства",NULL
"5480","Поточные технологические линии",NULL
"5568","ПРА и системы управления освещением",NULL
"5605","Практика устной и письменной речи",NULL
"5606","Практика устной и письменной речи английского языка",NULL
"5619","Практикум по культуре речевого общения второго иностранного языка","Пр-м по кул.реч. общ.2 ин.яз-а"
"5622","Практикум по культуре речевого общения первого иностранного языка","Пр-м по кул.реч.общ.1 ин.яз-а"
"5625","Практикум по межкультурной коммуникации",NULL
"-1325503","Практикум по обучению речевой коммуникации и видам речевой деятельности",NULL
"5650","Практическая грамматика",NULL
"5659","Практический курс второго иностранного языка","Практический курс 2 ин. яз."
"5660","Практический курс первого иностранного языка","Практический курс 1 ин. яз."
"5661","Практический курс первого иностранного языка (повышенный уровень)",NULL
"5662","Практический курс первого иностранного языка (предпрофессиональный уровень)",NULL
"5663","Практический курс первого иностранного языка (продвинутый уровень)",NULL
"5664","Практический курс первого иностранного языка (профессиональный уровень)",NULL
"5665","Практический курс первого иностранного языка (средний уровень)",NULL
"5666","Практический курс перевода второго иностранного языка","Практ. курс перевода 2 ин. яз."
"5668","Практический курс перевода первого иностранного языка","Практ. курс перевода 1 ин. яз."
"5669","Практический курс перевода (первый иностранный язык)",NULL
"5670","Практический маркетинг",NULL
"5720","Приборы и установки наружного освещения",NULL
"5727","Приемники излучения и фотоприемные устройства",NULL
"5735","Прикладная механика","Прикладная механика"
"5807","Прогнозирование опасных факторов",NULL
"5814","Программирование","Программирование"
"5828","Программирование для ЭВМ",NULL
"5836","Программирование на языках высокого уровня",NULL
"5843","Программирование под платформу .NET",NULL
"5858","Программное обеспечение мехатронных и робототехнических систем",NULL
"5862","Программное управление оборудованием",NULL
"5867","Программные и аппаратные средства информатики",NULL
"5871","Программные пакеты",NULL
"5890","Продвинутый уровень второго иностранного языка",NULL
"5896","Проектирование автомобилей и тракторов",NULL
"5902","Проектирование в дизайне",NULL
"5908","Проектирование гидромашин, гидроприводов и средств ГПА",NULL
"5916","Проектирование: дизайн книжных изданий",NULL
"5917","Проектирование заготовок",NULL
"5919","Проектирование и архитектура программных систем",NULL
"5934","Проектирование интеллектуальных информационных систем",NULL
"5937","Проектирование информационных систем","Проектирование ИС"
"5969","Проектирование машиностроительного производства",NULL
"5976","Проектирование микропроцессорных систем электрооборудования автомобилей и тракторов",NULL
"5981","Проектирование наземных транспортно-технологических систем",NULL
"6000","Проектирование предприятий пищевой промышленности",NULL
"6017","Проектирование РТК сварочного производства",NULL
"6040","Проектирование: технологии полиграфии",NULL
"6065","Проектирование фирменного стиля",NULL
"6122","Производственная безопасность",NULL
"6133","Производственная и пожарная автоматика","Произв и пожар автом-ка"
"6137","Производственная логистика","Производственная логистика"
"6225","Производственная санитария и гигиена труда",NULL
"6266","Производственный менеджмент","Производственный менеджмент"
"6274","Производство сварных конструкций",NULL
"6283","Промысловая ихтиология","Промысловая ихтиология"
"6284","Промышленная акустика",NULL
"6286","Промышленная вентиляция",NULL
"6299","Промышленные технологии и инновации",NULL
"6304","Пропедевтика","Пропедевтика"
"6310","Противопожарное водоснабжение","Противопожарное водоснабжение"
"6350","Процессы и аппараты защиты атмосферы","Проц-ссы и апп-ты защ. атмосф."
"6351","Процессы и аппараты защиты водной среды",NULL
"-1479359","Процессы и аппараты очистки сточных вод",NULL
"6357","Процессы и аппараты пищевых производств","ПАПП"
"6362","Процессы и операции формообразования",NULL
"6399","Психология","Психология"
"6449","Психология социальной работы","Психология соц  работы"
"6476","Рабочие процессы, конструкция и основы расчетов двигателей",NULL
"6520","Разработка и стандартизация программных средств",NULL
"-2486975","Разработка мобильных приложений",NULL
"6553","Расчет и конструирование машин пищевой промышленности",NULL
"6560","Расчет и проектирование сварных конструкций",NULL
"6574","Расчеты на прочность, жесткость и устойчивость механических систем",NULL
"6587","Регионоведение","Регионоведение"
"6603","Реинжиниринг бизнес-процессов",NULL
"6617","Реклама и связи с общественностью в Интернете",NULL
"6620","Реклама и связи с общественностью в сферах деятельности",NULL
"6697","Ресурсы коммерческой сферы",NULL
"6718","Рисунок","Рисунок"
"6725","Роботизация сварочного производства",NULL
"6735","Русский язык и культура речи","Русский язык и культура речи"
"6742","Рыбохозяйственная гидротехника",NULL
"6752","Рынок ценных бумаг","Рынок ценных бумаг"
"6758","САПР","САПР"
"6763","САПР в металлургии",NULL
"6783","САПР технических систем",NULL
"6806","Сварочные процессы и оборудование","Свар. пр-сы и оборудов."
"6826","Семьеведение",NULL
"6874","Сертификация систем качества","Сертификация систем качества"
"6889","Сети и телекоммуникации","Сети и телекоммуникации"
"6891","Сети ЭВМ",NULL
"6893","Сети ЭВМ и средства коммуникаций",NULL
"6896","Силовая электроника",NULL
"6916","Система измерений в медико-биологической практике",NULL
"6940","Системный анализ","Системный анализ"
"6946","Системный анализ в экономике",NULL
"6947","Системный анализ, имитационное моделирование и принятие решений",NULL
"6948","Системный анализ и принятие решений","Сист.анализ и принятие решений"
"6968","Системы автоматизированного проектирования",NULL
"6969","Системы автоматизированного проектирования автомобилей и тракторов",NULL
"6980","Системы автоматизированного проектирования ТС АПК",NULL
"7021","Системы национальных счетов",NULL
"7037","Системы программирования",NULL
"7054","Системы управления базами данных","Системы управления базами данных"
"7055","Системы управления БД",NULL
"7063","Системы управления технологическими процессами",NULL
"7074","Системы электронного документооборота",NULL
"7083","Скульптура и лепка","Скульптура и лепка"
"7100","Современная научная картина мира",NULL
"7102","Современная пресс-служба","Современная пресс-служба"
"7226","Современные системы управления базами данных",NULL
"7275","Сопротивление материалов","Сопротивление материалов"
"7281","Социальная геронтология",NULL
"7282","Социальная информатика",NULL
"7285","Социальная педагогика",NULL
"7296","Социальная реабилитация инвалидов",NULL
"7305","Социальное проектирование в рекламе и связях с общественностью",NULL
"-2499775","Социологические методы в медиаисследованиях",NULL
"7327","Социология","Социология"
"7336","Социология массовой коммуникации",NULL
"7353","Спецграфика",NULL
"7360","Специальное страноведение",NULL
"7365","Специальные главы математики","Специальные главы математики"
"7369","Специальные главы математического анализа",NULL
"7462","Средний уровень второго иностранного языка",NULL
"7471","Средства и методы управления качеством",NULL
"7503","Стандартизация, метрология, подтверждение соответствия",NULL
"7518","Статистика","Статистика"
"7525","Статистика: социально-экономическая статистика",NULL
"7527","Статистика: теория статистики, социально-экономическая статистика",NULL
"7534","Статистическая физика",NULL
"7537","Статистические методы в управлении качеством",NULL
"7563","Стилистика","Стилистика"
"7565","Стилистика русского языка и культура речи",NULL
"7581","Стратегический маркетинг","Стратегический маркетинг"
"7583","Стратегический менеджмент","Стратегический менеджмент"
"7594","Стратегическое планирование и прогнозирование",NULL
"7604","Страхование в логистике",NULL
"7657","Структуры и алгоритмы компьютерной обработки данных",NULL
"7664","Схемотехника","Схемотехника"
"7666","Схемотехника измерительных устройств",NULL
"7672","Схемотехника электронных устройств автомобилей",NULL
"7686","Таможенное дело","Таможенное дело"
"7709","Теоретическая грамматика","Теоретическая грамматика"
"7710","Теоретическая инноватика",NULL
"7713","Теоретическая механика","Теор. механика"
"7721","Теоретическая фонетика","Теоретическая фонетика"
"7733","Теоретические основы защиты окружающей среды","Теор осн защ ОС"
"7762","Теоретические основы товароведения",NULL
"7769","Теоретические основы электротехники","Теор осн эл.техники"
"7773","Теория автоматического управления","Теория автоматического управления"
"7776","Теория автоматов и формальных языков",NULL
"7779","Теория антикризисного управления",NULL
"7786","Теория вероятностей и математическая статистика","Теор. вероят. и мат.статистика"
"7789","Теория вероятностей, математическая статистика и теория случайных процессов",NULL
"7791","Теория вероятности, математическая статистика",NULL
"7795","Теория горения и взрыва","Теория горения и взрыва"
"7800","Теория графов и математическая логика","Теория гафов и матем. логика"
"7801","Теория денег и финансовых рынков",NULL
"7808","Теория измерений","Теория измерений"
"7831","Теория информации",NULL
"7832","Теория информации и кодирования",NULL
"7833","Теория информационных процессов и систем","Теория ИП и С"
"7843","Теория и практика массовой информации",NULL
"7846","Теория и практика печатных медиа",NULL
"7849","Теория и практика рекламы",NULL
"7851","Теория и практика связей с общественностью",NULL
"7858","Теория и практика сценарной видеодраматургии и режиссуры в рекламе и связях с общественностью",NULL
"7861","Теория и расчет автомобилей",NULL
"7864","Теория и расчет машин для животноводческих ферм",NULL
"7865","Теория и расчет тракторов",NULL
"7867","Теория и системы управления",NULL
"7877","Теория и технология термической и химико-термической обработки изделий",NULL
"7881","Теория колебаний",NULL
"7887","Теория массового обслуживания",NULL
"7897","Теория межкультурной коммуникации",NULL
"7899","Теория менеджмента: история управленческой мысли",NULL
"7901","Теория менеджмента: теория организации",NULL
"7903","Теория механизмов и машин","ТММ"
"7913","Теория нечетких множеств",NULL
"7915","Теория нечётких множеств",NULL
"7916","Теория обработки металлов давлением","Теор. обраб. мет. дав. "
"7927","Теория организации производства",NULL
"7928","Теория отраслевых рынков",NULL
"7931","Теория перевода","Теория перевода"
"7941","Теория принятия решений","Теория принятия решений"
"7956","Теория, расчет и проектирование измерительных преобразователей и приборов",NULL
"7959","Теория сварочных процессов",NULL
"7968","Теория социальной работы",NULL
"7969","Теория строения материалов",NULL
"7983","Теория упругости","Теория упругости"
"7999","Теория эволюции",NULL
"8036","Теплофизика (тепло- и массообмен)",NULL
"8047","Термодинамика","Термодинамика"
"8052","Термодинамика и теплопередача","Термодинамика и теплопередача"
"8053","Термодинамика неравновесных процессов",NULL
"-2508735","Термомеханические сварочные процессы",NULL
"8063","Территориальный маркетинг",NULL
"8079","Техника и технология медиапроизводства",NULL
"8105","Технико-экономический и функционально-стоимостной анализ","ТЭиФСА"
"8116","Техническая защита информации",NULL
"8120","Техническая механика","Техническая механика"
"8129","Техническая эксплуатация автомобилей и тракторов",NULL
"8155","Технические средства автоматизации и управления",NULL
"8158","Технические средства защиты информации",NULL
"8177","Технический контроль и метрологическое обеспечение производства",NULL
"8201","Технологии Web-программирования",NULL
"-1932223","Технологии и оборудование машиностроительных производств",NULL
"-1932735","Технологии и оборудование отрасли",NULL
"8234","Технологии нововведений",NULL
"8241","Технологии программирования","Технологии программирования"
"8264","Технологии связей с общественностью в медиаотрасли",NULL
"8280","Технологическая оснастка","Технологическая оснастка"
"8294","Технологические добавки и улучшители для производства продуктов питания из растительного сырья",NULL
"8324","Технологические процессы в машиностроении","Тех.процессы в машиностр."
"8363","Технологические системы в нанотехнологии",NULL
"-1969343","Технология бродильных производств",NULL
"8392","Технология виноделия",NULL
"8415","Технология изготовления медицинской техники",NULL
"8418","Технология изделий легкой промышленности",NULL
"8429","Технология и оборудование машиностроительных производств",NULL
"8430","Технология и оборудование отрасли",NULL
"8431","Технология и оборудование сварки давлением",NULL
"8432","Технология и оборудование сварки плавлением","Техн. и оборуд. сварк. плавл."
"8444","Технология и организация производства продукции и услуг",NULL
"8470","Технология ковки и объемной штамповки",NULL
"8475","Технология конструкционных материалов","ТКМ"
"-1985471","Технология коньячного производства",NULL
"8485","Технология листовой штамповки",NULL
"8493","Технология машиностроения",NULL
"8518","Технология обработки информации",NULL
"8522","Технология обработки материалов",NULL
"8540","Технология пищевых производств",NULL
"8546","Технология послеуборочной обработки и хранение винограда",NULL
"8547","Технология послеуборочной обработки и хранение зерна",NULL
"8549","Технология приборостроения","Технология приборостроения"
"8554","Технология производства автомобилей и тракторов",NULL
"8562","Технология производства комбикормов",NULL
"8563","Технология производства крупы",NULL
"8567","Технология производства муки",NULL
"8568","Технология производства муки и крупы",NULL
"8569","Технология производства наземных транспортно-технологических систем",NULL
"8573","Технология производства продукции растениеводства и животноводства",NULL
"8574","Технология производства растительного масла","Тех-гия пр-ва раст-ного масла"
"8595","Технология ремонта сельскохозяйственных машин",NULL
"8608","Технология сборочного производства","Техн. сбороч. производс. "
"8611","Технология сельскохозяйственного машиностроения",NULL
"8613","Технология сельскохозяйственного производства",NULL
"8618","Технология социальной работы",NULL
"8644","Технология художественного литья","Технология худ. литья"
"8645","Технология художественной ковки",NULL
"8725","Тракторы, двигатели и агрегатирование СХМ",NULL
"8738","Транспортная логистика в коммерческой деятельности",NULL
"8802","Узлы и элементы биотехнических систем",NULL
"8823","Управление ассортиментом и качеством товаров",NULL
"8832","Управление в биотехнических системах",NULL
"8835","Управление в социальной работе",NULL
"8843","Управление данными","Управление данными"
"-2073279","Управление качеством объектов профессиональной деятельности",NULL
"8903","Управление качеством технологических систем",NULL
"8924","Управление мехатронными системами",NULL
"8936","Управление охраной окружающей среды","Управление охраной окружающей среды"
"8952","Управление предприятием малого бизнеса",NULL
"8957","Управление проектами","Управление проектами"
"-2090687","Управление производственной безопасностью",NULL
"8978","Управление роботами и РТС",NULL
"9002","Управление техносферной безопасностью","Управление техносферной безопасностью"
"9015","Управление человеческими ресурсами","Управление человеческими ресурсами"
"9022","Управленческие решения","Управленческие решения"
"9030","Упрочнение поверхности концентрированными потоками энергии","Упрочнение пов-ти КПЭ"
"9036","Уравнения математической физики",NULL
"9258","Учет и анализ: управленческий учет","Учет и анал.  упр. учет "
"9261","Учет и анализ: финансовый учет и анализ",NULL
"9287","Физика","Физика"
"9291","Физика и естествознание",NULL
"9298","Физика конденсированного состояния и элементы квантовой механики",NULL
"9322","Физико-механические свойства сырья",NULL
"9328","Физико-технологические основы методов обработки","Физ. тех. осн. мет. обр. "
"9346","Физико-химические основы и общие принципы переработки зерна",NULL
"9347","Физико-химические основы и общие принципы переработки растительного сырья",NULL
"9353","Физико-химические основы нанотехнологий",NULL
"9354","Физико-химические основы нанотрибологии",NULL
"9359","Физико-химические основы развития и тушения пожаров","Физ-хим.основ.развит.туш.пожар."
"9373","Физико-химия наноматериалов",NULL
"9381","Физиология рыб","Физиология рыб"
"9388","Физическая и коллоидная химия",NULL
"9391","Физическая химия","Физическая химия"
"9412","Физические основы получения информации",NULL
"9416","Физические основы электроники и наноэлектроники",NULL
"9420","Физическое материаловедение",NULL
"9424","Философия","Философия"
"-2527935","Финансовая грамотность в медиа",NULL
"9484","Финансовый менеджмент","Финансовый менеджмент"
"9487","Финансовый учет",NULL
"9488","Финансовый учет и консалтинг",NULL
"9496","Финансы, денежное обращение и кредит","Фин, ден обращ и кредит"
"9516","Формальные языки",NULL
"9535","Фотометрия",NULL
"9544","Функциональная логистика",NULL
"9547","Функциональное программирование",NULL
"9551","Функционально-стоимостной анализ стратегических проектов",NULL
"9567","Химические основы конструирования металлоплакирующих смозочных материалов",NULL
"9573","Химия","Химия"
"9579","Химия и биохимия вина",NULL
"9609","Художественно-графическая композиция",NULL
"9611","Художественное материаловедение",NULL
"9614","Художественной материаловедение металлов и сплавов",NULL
"9620","Цветоведение и колористика","Цветоведение и колористика"
"9638","Цитология и гистология",NULL
"9639","Цифровая обработка изображений",NULL
"9644","Цифровая электроника",NULL
"-2232511","Численные и экспериментальные методы исследования",NULL
"9659","Численные методы","Численные методы"
"9685","ЭВМ и периферийные устройства","ЭВМ и периферийные устройства"
"9726","Экология","Экология"
"9742","Эконометрика","Эконометрика"
"9744","Экономика","Экономика"
"9752","Экономика в коммерческой деятельности предприятий",NULL
"9757","Экономика глобального рынка",NULL
"9811","Экономика малого бизнеса",NULL
"9827","Экономика организации",NULL
"9832","Экономика отраслевых рынков",NULL
"9839","Экономика пожарной безопасности","Экономика пожарной безопасности"
"9845","Экономика предприятия","Экономика предприятия"
"9849","Экономика предприятия малого бизнеса",NULL
"9879","Экономика труда","Экономика труда"
"9935","Экономическая оценка инвестиций","Эконом.оценка инвестиций"
"9941","Экономическая теория","Эконом. теория"
"9972","Экспериментальная механика",NULL
"9980","Экспертиза и аудит",NULL
"10035","Эксплуатация машинотракторного парка",NULL
"10063","Элеваторы, склады, сушилки",NULL
"10066","Электрические и гидравлические приводы мехатронных и робототехнических систем",NULL
"10069","Электрические и электронные аппараты","Электрич. и электр. апп. "
"10070","Электрические и электронные системы управления автомобильными двигателями",NULL
"10071","Электрические машины","Электрические машины"
"10077","Электрический привод","Электрический привод"
"10099","Электромеханические системы","ЭМС"
"10104","Электроника","Электроника"
"10107","Электроника и микропроцессорная техника",NULL
"10110","Электроника и схемотехника",NULL
"10114","Электроника и электротехника","Электроника и электротехника"
"10124","Электронные и микропроцессорные системы автомобилей и тракторов",NULL
"10135","Электронные устройства мехатронных и робототехнических систем",NULL
"10142","Электрооборудование автомобилей и тракторов","Электрооб. авт. и трак. "
"10168","Электротехника","Электротехника"
"10173","Электротехника и электроника","Э/техника и электрон."
"10180","Электротехника, электроника и схемотехника","Электротехника, электроника и схемотехника"
"10181","Электротехника, электроника и электропривод","Э\техн.,электрон. и э\привод"
"10185","Электротехническое и конструкционное материаловедение",NULL
"10200","Элементная база аналоговой электроники",NULL
"10217","Энергетические установки автомобилей и тракторов",NULL
"10218","Энергетические установки наземных транспортно-технологических систем",NULL
"10255","Этнология и этическая психология",NULL
"10276","Языки программирования",NULL
